label,id_1,id_2,text_1,text_2,similarity,prediction
0,1430402,1430329,A tropical storm rapidly developed in the Gulf of Mexico Sunday and was expected to hit somewhere along the Texas or Louisiana coasts by Monday night.,A tropical storm rapidly developed in the Gulf of Mexico on Sunday and could have hurricane-force winds when it hits land somewhere along the Louisiana coast Monday night.,0.9820648,1
0,749900,749726,Ballmer has been vocal in the past warning that Linux is a threat to Microsoft.,"In the memo, Ballmer reiterated the open-source threat to Microsoft.",0.99948823,1
1,197693,197750,"Snow's remark ``has a psychological impact,'' said Hans Redeker, head of foreign-exchange strategy at BNP Paribas.","Snow's remark on the dollar's effects on exports ``has a psychological impact,'' said Hans Redeker, head of foreign- exchange strategy at BNP Paribas.",0.06913166,0
1,1596213,1596237,"Another body was pulled from the water on Thursday and two seen floating down the river could not be retrieved due to the strong currents, local reporters said.","Two more bodies were seen floating down the river on Thursday, but could not be retrieved due to the strong currents, local reporters said.",0.0006060919,0
1,1401946,1401697,"Amgen shares gained 93 cents, or 1.45 percent, to $65.05 in afternoon trading on Nasdaq.",Shares of Allergan were up 14 cents at $78.40 in late trading on the New York Stock Exchange.,0.0012133758,0
0,1433616,1433454,"During a screaming match in 1999, Carolyn told John she was still sleeping with Bergin.","She, in turn, occasionally told John that she was still sleeping with an ex-boyfriend, ""Baywatch"" hunk Michael Bergin.",0.9954022,1
0,1564390,1564515,"WorldCom's accounting problems came to light early last year, and the company filed for bankruptcy in July 2002, citing massive accounting irregularities.","WorldCom's financial troubles came to light last year and the company subsequently filed for bankruptcy in July, 2002.",0.9996854,1
0,1657996,1657704,"She first went to a specialist for initial tests last Monday, feeling tired and unwell.","The star, who plays schoolgirl Nina Tucker in Neighbours, went to a specialist on June 30 feeling tired and unwell.",0.9979138,1
0,246757,246805,The ADRs fell 10 cents to $28.95 at 10:06 a.m. in New York Stock Exchange composite trading today.,"Shares of Fox Entertainment Group Inc., News Corp.'s U.S. media and entertainment arm, fell 45 cents to $26.85 in New York Stock Exchange composite trading.",0.99847466,1
1,864267,864579,"In his speech, Cheney praised Barbour's accomplishments as chairman of the Republican National Committee.",Cheney returned Barbour's favorable introduction by touting Barbour's work as chair of the Republican National Committee.,0.0042230305,0
1,1958143,1958023,"The blue-chip Dow Jones industrial average .DJI added 38 points, or 0.42 percent, to 9,165.","The Dow Jones Industrial Average [$INDU] ended at session highs, gaining 64.64 points, or 0.7 percent, to 9,191.09.",0.0040247673,0
0,44397,44620,"Garner said the self-proclaimed mayor of Baghdad, Mohammed Mohsen al-Zubaidi, was released after two days in coalition custody.",Garner said self-proclaimed Baghdad mayor Mohammed Mohsen Zubaidi was released 48 hours after his detention in late April.,0.99969184,1
0,2287353,2287336,"""It appears from our initial report that this was a textbook landing considering the circumstances,"" Burke said.","Said Mr. Burke: ""It was a textbook landing considering the circumstances.""",0.99956006,1
0,2836872,2837029,"But, to the dismay of Reaganites, there is no mention of the Reagan-era economic boom.",But there is no mention of the economic recovery or the creation of wealth during his administration.,0.99891126,1
0,1793425,1793488,"A Florida grand jury investigating pharmaceutical wholesalers indicted 19 people on charges of peddling bogus or diluted medications often prescribed for cancer and AIDS patients, authorities said yesterday.","A Florida grand jury indicted 19 people for contaminating and diluting prescription drugs desperately needed by AIDS and cancer patients in a multimillion-dollar scheme, prosecutors said Monday.",0.99950254,1
1,3334681,3334887,"The main psychologist, Dwight Close, referred questions to an agency spokeswoman, who said she wouldn't comment on personnel issues.","The main psychologist in the Rodriguez case, Dwight Close, referred questions to an agency spokeswoman, who didn't immediately return a call.",0.031538658,0
0,91457,91527,"""This is where you're measured – not in the regular season but right now.","And it's not in the regular season, but right now,"" Babcock said.",0.995271,1
1,232432,232716,"There are 625 U.N. troops in Bunia, while there are between 25,000 and 28,000 tribal fighters, from all sides, in the region.","There are 625 U.N. troops in Bunia, while there are between 25,000 and 28,000 tribal fighters in the region, with thousands of them deployed in and around Bunia.",0.0013580563,0
0,1980126,1980211,As part of a restructuring Peregrine sold its Remedy help desk software unit last year to BMC Software Inc.,Peregrine sold its Remedy business unit to BMC Software in November for $355 million.,0.99894375,1
0,2488322,2488374,Results of the 2001 Aboriginal Peoples Survey released yesterday by Statistics Canada suggest living standards have improved but still lag for those off reserves.,The 2001 Aboriginal Peoples Survey released Wednesday by Statistics Canada says living standards have improved but still lag for the Inuit and those who leave their often impoverished reserves.,0.99898237,1
0,763636,763618,The other semifinal between Guillermo Coria of Argentina and Martin Verkerk of the Netherlands is also compelling.,"The other, much less likely semifinal will match seventh-seeded Guillermo Coria of Argentina against the unseeded Dutchman Martin Verkerk.",0.9934602,1
0,121931,122054,"Her amendment would have changed the bill by keeping with current Texas law, which gives school districts the option to hold a moment of silence and recite the pledge.","The legislation would replace the current Texas law, which gives school districts the option of holding a period of silence and reciting the pledge.",0.9994728,1
0,1398658,1398617,"""In so many different ways, the artistry of black musicians has conveyed the experience of black Americans throughout our history,"" Bush said.","Surrounded by singers from Harlem, Bush said: ''The artistry of black musicians has conveyed the experience of black Americans throughout our history.",0.9987721,1
1,813244,813532,But church members and observers say they expect that the decision could be problematic for many Episcopalians.,But church members and observers say they anticipate that the decision here could pose doctrinal problems for some Episcopalians who believe the Bible prohibits homosexuality.,0.0045241904,0
1,636412,636322,"As planned, the services will be rolled into Yukon when it ships (see story).","The reporting services will also be rolled into Yukon as planned, sources said.",0.028222159,0
1,1702735,1702711,"Last year, he made an unsuccessful bid for the Democratic nomination for governor.","He ran last year for the Democratic nomination for Texas governor, but lost the primary to multimillionaire Tony Sanchez.",0.0021097118,0
1,1394508,1394489,"Search technology powerhouse Google has released a new beta of its popular Internet Explorer toolbar, adding bells and whistles for surfers.","Search technology powerhouse Google has released a new beta of its popular toolbar for Internet Explorer, adding a pop-up blocker, a controversial Blogger feature, and form-filling functionality.",0.0006912055,0
1,2493378,2493420,"The last time the S&P had a larger one-day point loss was also May 19, when it gave back 23.53 to close at 920.77.","The last time it had a larger one-day loss was July 1, 2002, when it shed 59.41 to close at 1,403.80.",0.0033261771,0
0,3058482,3058386,Part of the accord was the implementation of a special health council that would monitor health spending and progress in reforming the health system.,"A key portion of the accord was the implementation of a special council to monitor health spending, set goals for the system and measure progress in reforming health care.",0.9840068,1
0,222535,222564,"Genentech Inc., the world's second-biggest biotechnology company, and Xoma Ltd. said their Rapitva drug failed to help patients with rheumatoid arthritis in a study.","Genentech Inc., the world's second-largest biotechnology company, and Xoma Ltd. said they will terminate Phase II testing of their Raptiva rheumatoid-arthritis drug after finding no benefit for patients.",0.9995617,1
0,2858180,2858100,"Shares ended Wednesday at $6.83, up 2 cents.",Shares of Goodyear rose 2 cents on Wednesday and closed at $6.83.,0.9994899,1
1,1151084,1151062,"Federal prosecutors, the Securities and Exchange Commission, and the mortgage company's regulator launched investigations into Freddie Mac's shake-up.",The Securities and Exchange Commission and the U.S. Attorney have opened investigations into Freddie Mac over its accounting practices.,0.36658645,0
1,3014157,3014190,Yet another big fight has been over a White House proposal to privatize air-traffic control at major airports.,"Yet another fight has been waged over a White House proposal to privatize air traffic control at major airports, such as those in Pittsburgh and Philadelphia.",0.00606799,0
0,787889,788223,The initial report was made to Modesto Police December 28.,It stems from a Modesto police report.,0.9987796,1
1,269089,268884,"Ahold Chairman Henny de Ruiter offered shareholders at the meeting his ""sincere apologies"" for the scandal.","Board Chairman Henny de Ruiter offered shareholders at the meeting his ""sincere apologies"" for events at Foodservice and elsewhere in the embattled group.",0.010548519,0
1,1088209,1088238,"In April, it had forecast operating earnings in the range of 60 to 80 cents a share.",Kodak expects earnings of 5 cents to 25 cents a share in the quarter.,0.47797367,0
1,2122040,2121820,"Although it's unclear whether Sobig was to blame, The New York Times also asked employees at its headquarters yesterday to shut down their computers because of ""system difficulties.""","The New York Times asked employees at its headquarters to shut down their computers yesterday because of ""computing system difficulties.""",0.00069342036,0
1,742244,742119,Iran has yet to sign an additional protocol to the NPT treaty which would allow U.N. inspections at short notice.,"Iran has yet to sign an additional protocol to the Nuclear Non-Proliferation Treaty, which it signed in 1970, that would allow IAEA inspections at short notice.",0.0034126295,0
1,3085148,3085019,"They came despite what BA called a ""difficult quarter"", which it said included unofficial industrial action at Heathrow.","BA said the second quarter, which included unofficial industrial action at Heathrow, had been difficult.",0.004949254,0
1,654702,654683,"Spinal Concepts, launched in 1996, makes orthopedic medical devices used during spinal fusion surgical procedures.",Spinal Concepts makes spinal fixation products used during spinal fusion surgery.,0.0023998646,0
0,246576,246511,"The third appointment was to a new job, executive vice president and chief staff officer.","Bruce N. Hawthorne, 53, was named executive vice president and chief staff officer.",0.99515235,1
0,467296,467042,Numan was the Baath Party's regional command chairman responsible for west Baghdad.,Al-Numan was a longtime member of the regional command of the Baath party.,0.99862266,1
0,399170,399276,The Senate agreed Tuesday to lift a 10-year-old ban on the research and development of low-yield nuclear weapons.,Both the House and Senate bills would end the ban on research and development of low-yield nuclear weapons.,0.9995289,1
1,1958452,1958519,"Shares of McDonald's rose $1.83, or 8.3 percent, to close at the day's high of $23.89.",McDonald's shares rose $1.83 to close Friday at $23.89 on the New York Stock Exchange.,0.29953247,0
0,237239,237465,The plane was estimated to be within 100 pounds of its maximum takeoff weight.,"US Airways Flight 5481, which crashed Jan. 8, was judged to be within 100 pounds of its maximum takeoff weight.",0.9992235,1
1,1091178,1091235,"Early Wednesday, the benchmark 10-year US10YT=RR had lost 16/32 in price, driving its yield up to 3.33 percent from 3.26 percent late Tuesday.","Further out the curve, the benchmark 10-year note US10YT=RR shed 26/32 in price, taking its yield to 3.27 percent from 3.17 percent.",0.00088420825,0
1,2123347,2123494,"According to market research from The NPD Group, the number of people downloading music dropped from 14.5 million in April to 10.4 million in June.","The number of households acquiring music fell from a high of 14.5 million in April to 12.7 million in May and 10.4 million in June, according to NPD.",0.026922721,0
1,1044800,1044829,The Passion will feature actor James Caviezel as Christ and actress Monica Bellucci as Mary Magdalene.,"Directed by Gibson, the reported $25 million production stars Jim Caviezel as Jesus and Monica Bellucci as Mary Magdalene.",0.0022817575,0
0,2641995,2641936,"Mr Pollard said: ""This is a terrible personal tragedy and a shocking blow for James's family.","Nick Pollard, the head of Sky News said: ""This is a shocking blow for James's family.",0.9996259,1
1,1559172,1559081,"In winter, it is transformed into a treacherous embankment, a mountain of ice and snow that blankets everything.","In winter, Terrapin Point is transformed into a treacherous embankment of ice and snow that blankets everything -- the park, the railings, even the lampposts.",0.08701951,0
0,572627,572552,He was tracked to Atlanta where he was arrested on Tuesday night.,"He was arrested in Atlanta, Georgia, on Monday night by police acting on a tip-off.",0.99869674,1
0,3233010,3232953,The mother also alleged in the lawsuit that she was sexually assaulted by one of the guards.,The mother also contended that she was sexually assaulted by one of the guards during the 1998 confrontation.,0.99305093,1
0,2691686,2691676,The bank's shares fell 45 cents in trading yesterday to $91.51 per share.,"Shares of M&T, which is based in Buffalo, fell 41 cents, to $91.51.",0.9985085,1
1,2367272,2367026,"It was better under Saddam,"" said 28-year-old Mushtaq Talib, a job-seeking army deserter, when asked what message he would like to convey to Powell.","""It was better under Saddam...The war did nothing for us,"" said 28-year-old Mushtaq Talib, a job-seeking army deserter, when asked what message he would give to Powell.",0.00065890496,0
1,401945,402086,"After that, college President Paul Pribbenow told him to wrap up his speech.","After Hedges' microphone was unplugged for a second time, Pribbenow told him to wrap up his speech.",0.009054122,0
0,2902077,2902028,"Russian stocks fell after the arrest last Saturday of Mikhail Khodorkovsky, chief executive of Yukos Oil, on charges of fraud and tax evasion.","The weekend arrest of Russia's richest man, Mikhail Khodorkovsky, chief executive of oil major YUKOS, on charges of fraud and tax evasion unnerved financial markets.",0.9996661,1
1,1433591,1433431,"""We've become like total strangers,"" Klein quotes him as saying.","""We've become like total strangers,"" John told a pal two days before his death.",0.0008703421,0
0,759485,759469,"Critics say the law violates civil liberties, something House Judiciary Committee Chairman James Sensenbrenner, R-Wis., says he is sensitive to.","House Judiciary Committee Chairman James Sensenbrenner, R-Wis., says he is sensitive to civil liberties complaints.",0.9995351,1
0,3415995,3416057,"Staff Sgt. Georg-Andreas Pogany, however, is waiting for that decision in writing.",But Staff Sgt. Georg-Andreas Pogany's military career remains in limbo.,0.9990702,1
0,2874753,2874730,"""Unlike many early-stage Internet firms, Google is believed to be profitable.",The privately held Google is believed to be profitable.,0.9091147,1
0,2455734,2455654,"Joe Kernan, who had been lieutenant governor for the past seven years, was sworn in as governor after O'Bannon died Saturday.","Kernan, who was O'Bannon's lieutenant governor, friend and political partner, was sworn in six hours after O'Bannon died Saturday.",0.9993462,1
1,1474151,1474190,An injured woman co-worker also was hospitalized and was listed in good condition.,"A woman was listed in good condition at Memorial's HealthPark campus, he said.",0.0008273618,0
0,547116,547045,Young has 28 days to file a response and ask the NASD for a hearing.,"Under NASD regulations, Mr. Young can file a response and request a hearing before an NASD panel.",0.9996013,1
0,27662,27632,"Apple Computer's new online music service sold more than 1 million songs during its first week of operation, the company said Monday.",Apple Computer Inc. said Monday it exceeded record industry expectations by selling more than 1 million songs since the launch of its online music store a week ago.,0.99843067,1
0,3335828,3335771,Other countries and private creditors are owed at least $80 billion in addition.,Other countries are owed at least $US80 billion ($108.52 billion).,0.9786982,1
1,2995466,2995518,A poll showed that the FBI bugging of the mayor had given a boost to his reelection effort against GOP opponent Sam Katz.,A poll released this week showed that the FBI bugging of the mayor has given a boost to his re-election effort.,0.0024116198,0
1,3207968,3208048,"""If we could do that throughout the world, we could end terrorism,"" he said.","This is a hospital that treats everybody as people, and if we could do that throughout the world, we could end terrorism.""",0.0006105676,0
1,3121942,3121918,"I think he has to disembrace Putin and put him on notice that he is taking the country in the wrong direction,"" Soros said.","""President Bush has to put Putin on notice that he is taking Russia in the wrong direction,"" Soros said.",0.35969546,0
1,2964174,2964202,State police said as many as 30 workers were trapped immediately after the garage collapsed.,"As many as 30 people were believed to be trapped inside initially, the state police said.",0.015040517,0
1,68094,68260,The case comes out of Illinois and involves a for-profit company called Telemarketing Associates Inc.,"The case decided Monday centered around an Illinois fund-raiser, Telemarketing Associates.",0.0012772869,0
0,1836337,1836371,"He presented the map at last week's Sixth International Conference on Mars in Pasadena, Calif.","Feldman presented the most recent findings and the new map Friday at the sixth International Conference on Mars in Pasadena, Calif.",0.67120624,1
0,2112937,2113133,"""This is an easy case in my view and wholly without merit, both factually and legally.""","""This case is wholly without merit, both factually and legally,"" Judge Denny Chin scoffed.",0.99955934,1
1,1467951,1467932,"The updated products include Pylon Pro, Pylon Conduit, Pylon Anywhere, and Pylon Application Server.",The new products on the desktop side include the latest versions of Pylon Conduit and Pylon Pro.,0.00079883874,0
0,612895,612938,"Penn Traffic a week ago disclosed that it was considering filing for bankruptcy, among other options.","That began on May 21, after Penn Traffic announced it was considering bankruptcy.",0.99905115,1
0,246508,246576,"Michael W. Stout, 56, was named executive vice president and chief information officer.","The third appointment was to a new job, executive vice president and chief staff officer.",0.9791864,1
0,490035,490018,UBS Warburg added to pressure on tobacco stocks by downgrading Altria to neutral from buy based on valuation.,"UBS Warburg downgraded Altria, a Dow member, to ""neutral"" from ""buy,"" based on valuation.",0.9844558,1
1,1171278,1171385,Express Scripts ESRX.O shares fell 3.6 percent to close at $66.89 on the Nasdaq.,Shares of Express Scripts ESRX.O fell about 4 percent to $66.73 on the Nasdaq in late morning trade.,0.000971995,0
0,191147,190926,"Lacy's last column, filed from the hospital, appeared in Friday's editions.",Lacy's last column appeared in Friday's edition of The Afro.,0.98005074,1
1,283605,283688,"The mock explosion, the first event in the drill, occurred in a car in industrial south Seattle.","The mock explosion of a radioactive ""dirty bomb,"" the first event in the weeklong drill, occurred on several acres in the south Seattle industrial area.",0.0749577,0
0,130088,130000,It closed Tuesday at its highest level since last June.,"On Tuesday, the S&P 500 rose to its highest since early December.",0.99943703,1
0,3256831,3256720,Prosecutors did an about-face in May and asked that the autopsy reports be unsealed after portions of Conner Peterson's autopsy report favorable to the defense were leaked to the media.,They asked that the autopsy reports be unsealed after portions of the autopsy report on Peterson's unborn son that were favorable to the defense were leaked to the media.,0.9994777,1
0,1757283,1757308,"So far, they have searched Pennsylvania, Ohio, Michigan, Illinois and Indiana, authorities in those state said.","So far, authorities also have searched areas in Pennsylvania, Ohio, Indiana, and Michigan.",0.99956685,1
0,1808889,1808862,"Besides battling its sales slump, Siebel also has been sparring with some investors upset about huge stock option windfalls company managers have pocketed.","Besides a sales slump, Siebel is sparring with some shareholders over management stock option windfalls.",0.9996158,1
1,2410088,2410144,"Five-year notes US5YT=RR rose 6/32 in price for a yield of 3.08 percent, down from 3.12 percent late on Tuesday.",Five-year notes US5YT=RR added 2/32 to give a yield of 3.10 percent from 3.12 percent.,0.012606441,0
1,1037070,1037058,"Also in the majority were Chief Justice William H. Rehnquist and Justices John Paul Stevens, Sandra Day O'Connor, Ruth Bader Ginsburg and Stephen G. Breyer.","Chief Justice William H. Rehnquist and Justices John Paul Stevens, Sandra Day OConnor, Ruth Bader Ginsburg and Stephen Breyer agreed with Souter.",0.00085877086,0
0,3285323,3285347,"Aventis, based in Strasbourg, France, is one of a handful of companies that still make the flu vaccine.","Aventis, based in Strasbourg, France, is one of the leading producers of the vaccine and one of a handful of companies that still make it.",0.9996873,1
1,2345492,2345576,"To date, 152 communities and the legislatures of Alaska, Hawaii and Vermont have approved resolutions condemning the act.","About 150 local governments, including those of Carrboro, Alaska, Hawaii and Vermont, have approved similar resolutions.",0.0028677175,0
0,1390382,1390347,"The impact of these shortages, U.S. Energy Secretary Spencer Abraham warned yesterday, ""will touch virtually every American.""","The U.S. administration cranked up concerns of impending natural gas shortages yesterday, a supply crunch that officials said ""will touch virtually every American.""",0.99952865,1
0,177077,176977,"If successful, the ""Muses-C"" will be the first probe to make a two-way trip to an asteroid.","If successful, it will be the first to bring back a rock sample from an asteroid, Kawaguchi said.",0.9987925,1
1,3098063,3098011,The support will come as a free software upgrade called WebVPN for current customers that have support contracts.,The upgrade will be available as a free download for current customers with SmarNet support in January 2004.,0.0350029,0
0,1629891,1629387,"I never punished a victim,'' said Brigadier General Taco Gilbert, the school's former number two officer.","I never blamed a victim, I never punished a victim,'' said Brig. Gen. Taco Gilbert, the school's former No. 2 officer.",0.99953127,1
0,2333026,2333112,"While waiting for a bomb squad to arrive, the bomb exploded, killing Wells.",The bomb exploded while authorities waited for a bomb squad to arrive.,0.9987876,1
1,3289371,3289359,"In September, Hewlett-Packard signed a development and marketing deal with the company.",Four months later it signed a joint marketing agreement with Hewlett-Packard Co.,0.022397036,0
0,1007185,1007100,"New Line Cinema's prequel comedy, ""Dumb and Dumberer: When Harry Met Lloyd"" opened with $11.1 million.","The idiot-buddy prequel Dumb And Dumberer: When Harry Met Lloyd debuted at No. 6, with $11.1 million.",0.99508107,1
0,163731,163980,China's Health Ministry said five more people had died of Sars and a further 159 were infected.,"On Monday, China said nine more people had died from SARS and that 160 more were infected with the virus.",0.99939954,1
1,1725788,1725686,"Sales of $21.6 billion, up 10 percent from $19.7 billion a year ago, were ahead of Wall Street's estimate of $21.4 billion.","Microsoft posted sales of $8.1 billion, up from $7.3 billion a year ago and ahead of analysts' estimates of $7.9 billion.",0.0050744605,0
1,2274833,2274855,"""In fact, I was physically sick several times at this stage, because he looked so desperate,"" she said.","Speaking about the day before he was found dead, she said: ""I was physically sick several times at this stage because he looked so desperate.",0.0006260044,0
0,2620044,2620063,"Police believe Wilson shot Reynolds, then her mother once in the head before fatally turning the gun on herself.",Police believe Wilson then shot Jennie Mae Robinson once in the head before turning the gun on herself.,0.9996669,1
0,3059628,3059555,"The government did not identify the taikonauts — a term coined from ‘‘taikong,’’ the Chinese word for space — who would travel on the second mission.","The government did not identify the taikonauts -- a term coined from taikong, the Chinese word for space.",0.9989182,1
0,4142,4083,"The body of one of the four teens, 17-year-old Max Guarino, was found April 25 in Long Island Sound.","Max Guarino, 17, was found April 25 in the water off City Island.",0.9994955,1
1,2453492,2453420,The Episcopal Diocese of Central Florida became one of the first in the nation Saturday to officially reject the national denomination's policies on homosexuality.,The Episcopal Diocese of Central Florida voted Saturday to repudiate a decision by the denomination's national convention to confirm a gay man as bishop.,0.024619853,0
0,1953302,1953417,The biggest cut ordered was for Hanover Lloyds Insurance Co. -- 31 percent.,The department ordered Hanover Insurance to cut its rates by 31 percent.,0.9994815,1
0,3102255,3102709,Prosecutors maintained that Durst murdered Black to try to assume Black's identity.,Prosecutors called Durst a cold-blooded killer who shot Black to steal his identity.,0.99966586,1
0,1447877,1447624,"The 51-year-old nurse worked at North York General Hospital, the epicentre of the latest outbreak.","Emile Laroza, 51, contracted SARS while working as a nurse at North York General Hospital, the epicentre of the second SARS outbreak.",0.9966672,1
0,1919416,1919692,"""But HRT should not be used to prevent heart disease or any other chronic condition.""","""The clear message is it should not be used to prevent cardiovascular disease,"" Manson said.",0.99951303,1
0,2788684,2788896,But they don’t realize that until it’s too late (of course) because they’re potential victims in a horror movie.,But they don't realize that until it's too late (of course) because they're potential victims.,0.9996524,1
1,2065497,2065458,"ABC broadcast a special ""World News Tonight"" report out of Washington anchored by Ted Koppel.","Partly as a result, ABC chose to broadcast its special report out of Washington with Ted Koppel as anchor.",0.015281535,0
1,1351688,1351809,"The UMass president has acknowledged talking to him once since he went on the lam in 1995, just before federal indictments were handed down.","The UMass president, who testified before a congressional committee last week, has acknowledged talking to him once since he went on the lam in 1995.",0.0007135151,0
0,2873368,2873529,"The SharePoint Portal Server application, which facilitates teamwork, retails for $5,619.","Server software, however, costs thousands of dollars, such as SharePoint Portal Server, which retails for $5,619.",0.99839216,1
1,1981956,1982170,National Breast Cancer Centre chief executive Professor Christine Ewan said it was too early to quantify the risk to women.,National Breast Cancer Centre head Professor Christine Ewan said there was no need for panic.,0.00046437947,0
0,2745060,2745022,"For the fourth quarter, Intel expects revenue between $8.1 billion and $8.7 billion.","At the end of the second quarter, Intel initially predicted sales of between $6.9 billion and $7.5 billion.",0.9995515,1
1,2886878,2886843,"In version 4.1, a new web-based Distributed Authoring and Versioning interface speeds up the flow of information between workstations and the server.",Openexchange Server 4.1 includes a web-based distributed authoring and versioning (WebDAV) interface and Outlook connector to speed information flows.,0.006882597,0
0,3087072,3087103,"The highest-paid Washington private-college president is Susan Resneck Pierce, who heads the University of Puget Sound.","The highest-paid private-college president in Washington is University of Puget Sound President Susan Resneck Pierce at $314,160, the Chronicle said.",0.9979791,1
1,3085068,3084951,"BAT BATS.L also said Managing Director Paul Adams would step up to chief executive from January 1, 2004, to ease the transition.","As part of the changes BAT said managing director, Paul Adams, 50, would become chief executive from January 1.",0.001663054,0
0,171555,171801,"On May 1, he crawled through a narrow, winding canyon, rappelled down a 60-foot cliff and walked some six miles down the canyon.","He crawled through a narrow, winding canyon, rappelled down a 60-foot cliff, and walked some six miles down the canyon near Canyonlands National Park in southeastern Utah.",0.9985241,1
1,284891,284925,"""We're going to do everything in our power to get money back to ratepayers as quickly as possible,"" Kennedy said.","""There's very strong interest in getting money back to the ratepayers as quickly as possible,"" Commissioner Susan Kennedy said.",0.49865767,0
0,3122257,3122360,"In a mixture of ancient pagan and modern Christian rites, the villagers have staged a series of ceremonies hoping to erase the misfortunes they believe have kept them poor.",In a mixture of ancient Melanesian pagan and modern Christian ceremonies the people tried again to erase the misfortunes they believe have kept them poor since that long-ago meal.,0.94846517,1
1,3176510,3176541,"Allegiant shares rose $4, or $17.2 percent, to $27.43 in Thursday morning trading on the Nasdaq Stock Market.","Allegiant's stock closed Wednesday at $23.40, up 64 cents, in trading on the Nasdaq market.",0.014782532,0
0,1200506,1200563,"That took the benchmark 10-year note US10YT=RR down 9/32, its yield rising to 3.37 percent from 3.34 percent late on Thursday.","That saw the benchmark 10-year note US10YT=RR slip 5/32 in price, taking its yield to 3.36 percent from 3.34 percent late on Thursday.",0.99848735,1
0,14510,14656,"The index, which measures activity in the service sector, climbed to 50.7 last month from 47.9 in March.","The Arizona-based ISM reported Monday that its non-manufacturing index rose to 50.7 last month, from 47.9 in March.",0.99934524,1
0,1591549,1591599,"His lawyer, Pamela MacKey, said Bryant expects to be completely exonerated.","""Mr. Bryant is innocent and expects to be completely exonerated,"" Mackey said in a statement.",0.99935275,1
0,2821916,2821902,"""We are keeping an open mind,"" said Sergeant Magee.",Detective Sergeant Bernie Magee said police were keeping an open mind on the disappearance.,0.95084184,1
0,1353184,1353144,"The conference, sponsored by the U.S. Department of Agriculture, is focused on eliminating world hunger through genetically modified foods and other technologies.",The conference was sponsored by the U.S. Department of Agriculture to discuss ways to end world hunger and poverty.,0.99952185,1
0,970568,971233,"Stanford (46-15) plays South Carolina (44-20) today in a first-round game at Rosenblatt Stadium in Omaha, Neb.",Stanford (46-15) plays South Carolina (44-20) on Friday in the opening game of the double-elimination tournament.,0.99912316,1
0,2954386,2954372,"Prof Sally Baldwin, 63, from York, fell into a cavity which opened up when the structure collapsed at Tiburtina station, Italian railway officials said.","Sally Baldwin, from York, was killed instantly when a walkway collapsed and she fell into the machinery at Tiburtina station.",0.9995327,1
1,1440706,1440758,"Veritas will also expand its storage resource management (SRM) suite with the Precise StorageCentral software, focused on file and quota management in Windows environments.","The first product, StorageCentral, is entry-level storage resource management (SRM) software focused on file and quota management in Windows environments.",0.0041590175,0
1,3201393,3200966,"After posting $3 million bail, Jackson flew to Las Vegas, where he had been working on a video.","Since posting a $3 million bond, Jackson has been keeping a low profile in Las Vegas, where he had been filming a music video.",0.0446119,0
1,1952593,1952523,"""It was going to involve others,"" said prosecutor Kenneth Karas at a Jan. 30 court hearing, reports the Associated Press.","""It was going to involve others,"" federal prosecutor Kenneth Karas said at a Jan. 30 court hearing, without further elaboration.",0.033805963,0
1,956229,956090,"He has been at UCSD since 1991 and was appointed chancellor in 1996, after spending 22 years with AT&T Bell Labs, where he worked on superconductors and other materials.","Dynes has been at UC San Diego since 1991 after spending 22 years with AT&T Bell Labs, where he worked on superconductors and other materials.",0.00073694275,0
0,1692604,1692641,The commission estimates California lost $1.34 billion -- the most of any state -- to tax shelters in 2001.,The commission estimated California lost $937 million to corporate tax shelters in 2001.,0.88471085,1
0,1114039,1114186,"Hispanics, the fastest growing ethnic group in the US, have overtaken blacks to become the largest minority in the US, according to newly released government figures.","Hispanics have officially overtaken African Americans as the largest minority group in the US, according to a report released by the US Census Bureau.",0.9996088,1
0,1669792,1669661,"""It would be completely irresponsible to reverse course and kill country-of-origin labeling,"" said Daschle.","""It would be completely irresponsible to reverse course,"" said Senate Democratic Leader Tom Daschle, of South Dakota.",0.9994904,1
0,2706322,2706237,Selenski descended down the wall and used the mattress to climb over razor wire.,"Selenski used the mattress to scale a 10-foot razor wire, Fischi said.",0.9954407,1
0,53868,53892,Canadian officials have agreed to run a complementary threat response exercise.,Canadian officials will participate through a command post exercise.,0.9992411,1
1,1933212,1933374,Certain to give Democrats hope was Bush's hypothetical matchup with a generic Democrat; the president prevailed 43 percent to 38 percent.,In a Bush hypothetical matchup with a generic Democrat; the president prevailed 43 to 38 percent.,0.00081474084,0
0,1733042,1733021,"In addition, primary care trusts (PCTs) were given star ratings for the first time this year.",Primary Care Trusts and Mental Health Trusts have also been formally rated for the first time this year.,0.9996062,1
1,1088238,1088210,Kodak expects earnings of 5 cents to 25 cents a share in the quarter.,Analysts surveyed by Thomson First Call had expected Kodak to earn 68 cents a share for the quarter.,0.0007914689,0
0,2452454,2452645,He left the army for Syria where he received religious training.,"He moved to Syria, where he underwent further religious training in traditional Islamic beliefs.",0.9943698,1
0,660825,660674,Police using pepper spray arrested 12 people Monday night at a march and rally by about 400 activists protesting an annual training seminar of the Law Enforcement Intelligence Unit.,Police used pepper spray and rubber bullets to disperse a downtown march and rally last night by activists protesting an annual police intelligence-training seminar.,0.88282794,1
0,1257767,1257817,"Swartz, indicted in February, had argued that New Hampshire was the wrong place to charge him.","Swartz had sought to have the charges dismissed, saying New Hampshire was the wrong place to charge him.",0.9995921,1
0,1678501,1678046,Police launched an international hunt for Shevaun Pennington after she ran away with 31-year-old Toby Studabaker Saturday.,Shevaun Pennington disappeared on Saturday morning after arranging to meet 31-year-old Toby Studabaker.,0.9674531,1
0,3323324,3323339,A Chinese court yesterday jailed two people for life and imprisoned 12 others for organising a sex party involving hundreds of Japanese tourists.,A court in southern China yesterday jailed two people for life for organising a three-day sexual romp with hundreds of prostitutes by visiting employees of a Japanese company.,0.9769011,1
0,46041,45722,"""I had no direct interest and Craxi begged me to intervene because he believed the operation damaged the state,"" he told a packed courtroom during a 45-minute address.","""I had no direct interest, and Craxi begged me to intervene because he believed that the operation damaged the state,"" Mr. Berlusconi said.",0.9995617,1
1,1953419,1953301,The department ordered an 18.2 percent reduction for Allstate Texas Lloyds and a 12 percent reduction for State Farm Lloyds.,"The department ordered a 12 percent reduction for State Farm Lloyds, the state's largest insurer, and an 18.2 percent reduction for Allstate Texas Lloyds, the third-largest.",0.0030102546,0
0,243889,244032,"So was Edie Falco, the critically praised co-star of ""Frankie and Johnny.""","Edie Falco was not nominated for ""Frankie and Johnny.""",0.99166965,1
1,2800415,2800348,Althardt said there was no indication that any of the sick children needed to be hospitalized.,The sick children have been staying home and Althardt said there was no indication any had needed to be hospitalized.,0.0010060297,0
1,2573431,2573609,"A jury convicted rapper C-Murder, also known as Corey Miller, of second-degree murder Tuesday night in the shooting death of a 16-year-old in a Jefferson Parish nightclub.","Rapper C-Murder has been convicted of second-degree murder, a crime that carries an automatic life sentence, in the shooting death of a 16-year-old inside a Jefferson Parish nightclub.",0.00088400976,0
1,913945,914112,"Dewhurst's proposal calls for an abrupt end to the controversial ""Robin Hood"" plan for school finance.","The committee would propose a replacement for the ""Robin Hood"" school finance system.",0.0005167604,0
1,952419,952394,"The company posted a profit of $54.3 million, or 22 cents per share, in the year-ago period.","That was up from the year-ago quarter, when the company earned $54.3 million, or 22 cents a share.",0.001330932,0
0,635287,635027,"Air Canada, the largest airline in Canada and No. 11 in the world, has been under court protection from creditors since April 1.","The No. 11 airline in the world, Air Canada has been under court protection from creditors since April 1.",0.99968445,1
0,1447754,1447624,"The first health-care worker in the country to die of SARS was a Filipina-Canadian who contracted the disease at North York General Hospital, the site of the second outbreak.","Emile Laroza, 51, contracted SARS while working as a nurse at North York General Hospital, the epicentre of the second SARS outbreak.",0.9949064,1
0,3119781,3119833,"The workers accuse General Dynamics of ""reverse age discrimination"" because of a change in retirement benefits in 1997.",General Dynamics was sued when it changed its retirement benefits in 1997.,0.9987418,1
0,329386,329403,"The April decline was the biggest since October, 2001.","Energy prices dropped by 8.6 percent, the biggest decline since July 1986.",0.9786471,1
1,228847,229207,"NBC probably will end the season as the second most popular network behind CBS, which is first among the key 18-to-49-year-old demographic.","NBC probably will end the season as the second most popular network behind CBS, although it's first among the key 18-to- 49-year-old demographic.",0.0015708676,0
1,2839498,2839484,The European Commission has developed a set of guidelines to help public administrators decide whether to migrate their enterprises to Open Source Software or not.,A European Commission initiative has issued guidelines to member governments on how to migrate to open source software on both servers and desktops.,0.0007622943,0
1,2605131,2605065,Vivendi shares closed 3.8 percent up in Paris at 15.78 euros.,Vivendi shares were 0.3 percent up at 15.62 euros in Paris at 0841 GMT.,0.0017026316,0
0,3387788,3387707,This year the Audubon Society once again hosts its annual Christmas Bird Count.,"It's the National Audubon Society's annual Christmas Bird Count, now in its 104th season.",0.99955994,1
0,1934638,1934599,"Dotson told FBI agents that he shot Dennehy after the player tried to shoot him, according to the arrest warrant affidavit.","Dotson was arrested July 21 after telling FBI agents he shot Dennehy when Dennehy tried to shoot him, according to the arrest warrant affidavit.",0.9996805,1
0,477190,477267,"It seemed like an isolated incident,"" said Ariel Dean of Washington D.C., who earned a degree in political science.","It seemed like an isolated incident,'' said graduate Ariel Dean of Washington, D.C.",0.9996779,1
1,769313,769454,"A new study, conducted in Europe, found the medicine worked just as well as an earlier disputed study, sponsored by ImClone Systems, said it did.","Doctors concluded Erbitux, the cancer drug that enmeshed ImClone Systems in an insider trading scandal, worked just as well as an earlier company-sponsored study said it did.",0.0018560465,0
1,1448384,1448455,"An incremental step reported by researchers at the University of California, San Francisco, is the latest in a decade-long effort.","The incremental step, reported by researchers at UC San Francisco, is the latest in a decade-long effort to infect mice with the virus.",0.0023372744,0
0,1084871,1085208,Veteran stage and screen actor Hume Cronyn died of cancer Sunday.,"Character actor Hume Cronyn, 91, died Sunday at his home in Connecticut.",0.9944174,1
0,1669438,1669602,"Several thousand 3rd Infantry troops, including the 3rd Brigade Combat Team based at Fort Benning in Columbus, began returning last week.","A few thousand troops, most from the division's 3rd Brigade Combat Team based at Fort Benning in Columbus, began returning last week, with flights continuing through Friday.",0.99963045,1
0,2224728,2224687,"A 32-count indictment ""strikes at one of the very top targets in the drug trafficking world,"" U.S. Attorney Marcos Jimenez said.","The newly unsealed 32-count indictment alleges money laundering and conspiracy and ""strikes at one of the very top targets in the drug-trafficking world,"" Jiménez said.",0.9996176,1
1,1641945,1642240,"The council includes 13 Shiites, five Kurds, five Sunnis, one Christian and one Turkoman.","There are five ethnic Kurds, five Sunni Muslims, a Christian and a Turkoman.",0.00054756977,0
0,3004426,3004295,"Kroger Co., which owns Ralphs, and Albertsons Inc. bargain jointly with Safeway and locked out their union workers the next day.","In a show of corporate solidarity, Kroger Co., which owns Ralphs, and Albertson Inc. locked out their workers the next morning.",0.9507229,1
1,1151064,1151081,Brendsel and chief financial officer Vaughn Clarke resigned June 9.,The company's chief executive retired and chief financial officer resigned.,0.15544926,0
0,3253618,3253747,The delay comes on the heels of Boeing Chairman Phil Condit's resignation Monday.,"On Monday, it also announced the resignation of Chairman and Chief Executive Officer Phil Condit.",0.9989491,1
1,1957182,1957155,"But those modest gains weren't nearly enough to offset the loss of 43,000 jobs in Santa Clara County and 18,000 jobs in the San Francisco-Peninsula-Marin area.","But those tiny gains weren't nearly enough to offset the loss of nearly 62,000 jobs in the Santa Clara County-San Francisco areas.",0.009832697,0
1,2799036,2799108,"Mr. Malik assured him that he would be considered a martyr if he did not return, the witness testified.","Mr. Malik assured him that he would be considered a martyr if anything happened to him as a result of his trip, the witness said.",0.44204828,0
